Subject,CDR3.AminoAcid,Frequency,Count
101,CASSQDPGRDEKLFF,2.89017341,5
101,CASSLVVRQEAFF,1.15606936,2
101,CASSLGPQQGVVLALHF,1.15606936,2
101,CASSLERGAGELFF,1.15606936,2
101,CASALDWSSYEQYF,1.15606936,2
101,CASSPQVGYEQYF,1.15606936,2
101,CASDFRGAGANVLTF,1.15606936,2
101,CASSSTGTTRAGELFF,1.15606936,2
101,CASSSTPYGYTF,1.15606936,2
101,CASSPTPRGEQYF,1.15606936,2
101,CATQARRGGLRTEAFF,1.15606936,2
101,CASQRGKGTEAFF,1.15606936,2
101,CASSWLQSRANVLTF,1.15606936,2
101,CAWTPTSYGYTF,1.15606936,2
101,CASTPLASADTQYF,0.57803468,1
101,CASSLWRMETQYF,0.57803468,1
101,CASSRAGLRQSRANVLTF,0.57803468,1
101,CASMRGRQGPYEQYF,0.57803468,1
101,CASSLGPDQGGAYGYTF,0.57803468,1
101,CASSRIFAGGSYNEQFF,0.57803468,1
101,CASARPGTSGTDTQYF,0.57803468,1
101,CASRKLAGGQETQYF,0.57803468,1
101,CASSVGTEGTEAFF,0.57803468,1
101,CASSFWGALNTIYF,0.57803468,1
101,CSAYPGGRNEKLFF,0.57803468,1
101,CASSHSFSGTQYF,0.57803468,1
101,CANRQGQGKNIQYF,0.57803468,1
101,CASSPRGSGTYEQYF,0.57803468,1
101,CASSPSTTRSYEQYF,0.57803468,1
101,CASSLPGREAYEQYF,0.57803468,1
101,CASSSHRGVGNTEAFF,0.57803468,1
101,CASRGGGTDTQYF,0.57803468,1
101,CASSPGQGGRSNQPQHF,0.57803468,1
101,CSARTMGDTQYF,0.57803468,1
101,CASSSPAGGHNEQFF,0.57803468,1
101,CSADRDTYGYTF,0.57803468,1
101,CASSQDQRGGSGNTIYF,0.57803468,1
101,CASSGLAPYEQYF,0.57803468,1
101,CASSPGPGDYEQYF,0.57803468,1
101,CSALQGFNYGYTF,0.57803468,1
101,CASSQWRGAGDTQYF,0.57803468,1
101,CASSFDTLCTSRANVLTF,0.57803468,1
101,CASSLAVGQGDNEQFF,0.57803468,1
101,CSVDRDTGEKLFF,0.57803468,1
101,CSAVQIAGGPEQYF,0.57803468,1
101,CSAWGTVYGYTF,0.57803468,1
101,CASSHPGQGGEAFF,0.57803468,1
101,CASSIRRIGKTYGYTF,0.57803468,1
101,CSVSRAAEAFF,0.57803468,1
101,CASSPSGGGQETQYF,0.57803468,1
101,CSARAVGAQSPLHF,0.57803468,1
101,CASSDLAGLETQYF,0.57803468,1
101,CATSPGTSGKNIQYF,0.57803468,1
101,CASSAFDTGELFF,0.57803468,1
101,CASGPLSAYNEQFF,0.57803468,1
101,CASSLTGTGSTDTQYF,0.57803468,1
101,CASSYGLGSGDEQFF,0.57803468,1
101,CASTRASGGRSYNEQFF,0.57803468,1
101,CGSDIRRIIVDETQYF,0.57803468,1
101,CASSPPIETTGNTGELFF,0.57803468,1
101,CASSVEGQVRETQYF,0.57803468,1
101,CASSGTSGGETQYF,0.57803468,1
101,CSASRRTSGQETQYF,0.57803468,1
101,CASSIEQNTEAFF,0.57803468,1
101,CASSQGVAQPQHF,0.57803468,1
101,CASSLIGNGQPQHF,0.57803468,1
101,CATTLGGLGEKLFF,0.57803468,1
101,CASSIRTGTNEKLFF,0.57803468,1
101,CSARDLRGWDSREQYF,0.57803468,1
101,CASSLDRSSGNTIYF,0.57803468,1
101,CASSKGAGGRLIYEQYF,0.57803468,1
101,CASSRPREGGGYTF,0.57803468,1
101,CATSRDPGPQETQYF,0.57803468,1
101,CASTVAGGQQYF,0.57803468,1
101,CTSRLRKTYGYTF,0.57803468,1
101,CASSIGGSTNEKLFF,0.57803468,1
101,CASSLVRGASGSGETQYF,0.57803468,1
101,CASSSGGNSGNTIYF,0.57803468,1
101,CASSPLGSSGGTDTQYF,0.57803468,1
101,CASRTQTSGGGTDTQYF,0.57803468,1
101,CASSPQGYQPQHF,0.57803468,1
101,CATSSGTSGKNIQYF,0.57803468,1
101,CASSRQGSSGNTIYF,0.57803468,1
101,CASMGGYTEAFF,0.57803468,1
101,CASSERTGVTEAFF,0.57803468,1
101,CASSLEQGAYEQYF,0.57803468,1
101,CASSLGLRDTDTQYF,0.57803468,1
101,CASSLEPSGRYEQYF,0.57803468,1
101,CASSANDPQDTQYF,0.57803468,1
101,CASSAESQETQYF,0.57803468,1
101,CSVEDRARGEQFF,0.57803468,1
101,CSVMRQQKNTEAFF,0.57803468,1
101,CSVEGNNLNTEAFF,0.57803468,1
101,CASSERQGSTEAFF,0.57803468,1
101,CASSYSMSGGLREQYF,0.57803468,1
101,CASPGQGDYGYTF,0.57803468,1
101,CSVDGTGGAEGYTF,0.57803468,1
999,CASRPLAGGPWTGELFF,0.29069767,1
999,CSARNRRGRGTDEQFF,0.29069767,1
999,CASSKIGPRQSRANVLTF,0.29069767,1
999,CASSVYPGGSNEQFF,0.29069767,1
999,CASSELAGKTGELFF,0.29069767,1
999,CASSAYPGGSNEQFF,0.29069767,1
999,CASRGTSGRREQFF,0.29069767,1
999,CASSFFAQRTDTQYF,0.29069767,1
999,CASSSPGLGYNEQFF,0.29069767,1
999,CATSDFGQGTDTQYF,0.29069767,1
999,CASTLGGGFYNEQFF,0.29069767,1
999,CSVRQAGAKVDTQYF,0.29069767,1
999,CASRPTGGLGGYTF,0.29069767,1
999,CASSIMGNTEAFF,0.29069767,1
999,CASSWGQGLAAFF,0.29069767,1
999,CASSLDRIGTGELFF,0.29069767,1
999,CASSPRQGDTEAFF,0.29069767,1
999,CAIRERQGPSEAFF,0.29069767,1
999,CASSFSGGDEQFF,0.29069767,1
999,CASKEGRSTDTQYF,0.29069767,1
999,CASAGLTTTGELFF,0.29069767,1
999,CSASPAGHRSGTQYF,0.29069767,1
999,CAIRSSGGGAGKNIQYF,0.29069767,1
999,CASTKDRVHTGELFF,0.29069767,1
999,CASSSTHSEQFF,0.29069767,1
999,CASSLAERGNTIYF,0.29069767,1
999,CASSPVHFHSDNEQFF,0.29069767,1
999,CASSGVGPSIRTEAFF,0.29069767,1
999,WQYGRPQSRANVLTF,0.29069767,1
999,CASSTTGTGYEKLFF,0.29069767,1
999,CASSKIGSRQSRANVLTF,0.29069767,1
999,CASSVVGGRNTGELFF,0.29069767,1
999,CASSLVALTDTQYF,0.29069767,1
999,CAISESGGGGSGANVLTF,0.29069767,1
999,CSASRRTTNYGYTF,0.29069767,1
999,CASRGDRDRYGYTF,0.29069767,1
999,CASSPYRMNTEAFF,0.29069767,1
999,CASSATGPGPAEAFF,0.29069767,1
999,CASNGQGLGQPQHF,0.29069767,1
999,CASSANGGVGYF,0.29069767,1
999,CASSWGVSPNTGELFF,0.29069767,1
999,CSTSYGQETQYF,0.29069767,1
999,CASSLAGASGANVLTF,0.29069767,1
999,CSALGSRSNQPQHF,0.29069767,1
999,CSARTGNQPQHF,0.29069767,1
999,CASSPGLAGSGEQFF,0.29069767,1
999,CASSSGLAGTSNTGELFF,0.29069767,1
999,CASSLWPLLLAKNIQYF,0.29069767,1
999,CASSLNPLSGTGNEKLFF,0.29069767,1
999,CASSRGTGYEQYF,0.29069767,1
999,CASSMPSGTDHQETQYF,0.29069767,1
999,CSARDPVHNEQFF,0.29069767,1
999,CASSPNNYGYTF,0.29069767,1
999,CASTTNPRGLRSHYGYTF,0.29069767,1
999,CASSLSGRGPWAEAFF,0.29069767,1
999,CASSAEDGPYEQYF,0.29069767,1
999,CASNSGREGRETQYF,0.29069767,1
999,CASSQVRAGGYNEQFF,0.29069767,1
999,CASSQGGQLGNEKLFF,0.29069767,1
999,CASSATGRTDTQYF,0.29069767,1
999,CASSLSVNEQFF,0.29069767,1
999,CASSQGGGSGYEQYF,0.29069767,1
999,CASSYSAGPFYSMGNEQFF,0.29069767,1
999,CASSFYLSSNQPQHF,0.29069767,1
999,CASSLVLSEQYF,0.29069767,1
999,CASSIPSGRVWEQYF,0.29069767,1
999,CASSQESRGQGGEKLFF,0.29069767,1
999,CASSVLSSGNTIYF,0.29069767,1
999,CASSQELGGTTSNQPQHF,0.29069767,1
999,CASSWTGGITEAFF,0.29069767,1
999,CASSESQGIPPYEQYF,0.29069767,1
999,CAWSDLGRGELFF,0.29069767,1
999,CAWNAGYRANEKLFF,0.29069767,1
999,CASSQATGTESYGYTF,0.29069767,1
999,CASIKRAGRSYEQYF,0.29069767,1
999,CASSYSRVRGYGYTF,0.29069767,1
999,CASTAQGMNYGYTF,0.29069767,1
999,CASSSGLAGGPTDTQYF,0.29069767,1
999,CASSHPQGSYEQYF,0.29069767,1
999,CAWSELTGSQPQHF,0.29069767,1
999,CAWRRGYRLSDEQYF,0.29069767,1
999,CAWSPRQGAAGGYEQYF,0.29069767,1
999,CASQGGGGNTEAFF,0.29069767,1
999,CASSQVSGGDTIYF,0.29069767,1
999,CASGLAWDSNQPQHF,0.29069767,1
999,CASSSEERATQYF,0.29069767,1
999,CASSYSPGTGANVLTF,0.29069767,1
999,CASSTGLAGGRSYNEQFF,0.29069767,1
999,CASSPSSYNEQFF,0.29069767,1
999,CASSVIRGRNTEAFF,0.29069767,1
999,CASSVDGAGHNEQFF,0.29069767,1
999,CASSYGTSVRADTQYF,0.29069767,1
999,CATSRATGTNTGELFF,0.29069767,1
999,CASSIDLSLTPAYF,0.29069767,1
999,CASSQEPRGQGANVLTF,0.29069767,1
999,CASSLGQGAGNTIYF,0.29069767,1
999,CASKHGNTIYF,0.29069767,1
999,CATSSSIYNEQFF,0.29069767,1
999,CASSAGTNVIFNYGYTF,0.29069767,1
999,CASSFFIIRSGANVLTF,0.29069767,1
999,CASSLAGGRSYEQYF,0.29069767,1
999,CASRLQGGNTEAFF,0.29069767,1
999,CASSQDVGGPDTGELFF,0.29069767,1
999,CATSPEGVSGELFF,0.29069767,1
999,CASSVSNQGHNEQFF,0.29069767,1
999,CASGQLADETQYF,0.29069767,1
999,CASSRGAGNTGELFF,0.29069767,1
999,CASSVGLGGRISNEQFF,0.29069767,1
999,CASTKRGGLAGGANEQFF,0.29069767,1
999,CASRPDRGNNEQFF,0.29069767,1
999,CASGRGTGQKETQYF,0.29069767,1
999,CASSALAGGNNEQFF,0.29069767,1
999,CASSLRHLAKNIQYF,0.29069767,1
999,CASSPPPAGIYNEQFF,0.29069767,1
999,CASSFDRGNTIYF,0.29069767,1
999,CASSSGGVYGYTF,0.29069767,1
999,CASSLTSGTGTGELFF,0.29069767,1
999,CASSSNTEAFF,0.29069767,1
999,CAIRIGTGVYTEAFF,0.29069767,1
999,CASTKGVVGYPGELFF,0.29069767,1
999,CASSPPAGTSGRVHEQYF,0.29069767,1
999,CSARVVGGGGGRTDTQYF,0.29069767,1
999,CASSVSTMNTEAFF,0.29069767,1
999,CASSRTGTGNTEAFF,0.29069767,1
999,CASTPGTAQMRVQFF,0.29069767,1
999,CASSLAEVRNTIYF,0.29069767,1
999,CSGELGTDTQYF,0.29069767,1
999,CASSLSAQGRNTIYF,0.29069767,1
999,CASSTAGNTGELFF,0.29069767,1
999,CASSLAGAGGTDTQYF,0.29069767,1
999,CASSSPGRAEQFF,0.29069767,1
999,CASRFIAGKTYGYTF,0.29069767,1
999,CATAGGIYNEQFF,0.29069767,1
999,CASSWNLGLAVRTDTQYF,0.29069767,1
999,CASSLTAGPGNTIYF,0.29069767,1
999,CSASPRGSTGELFF,0.29069767,1
999,CASSFGTPQSRANVLTF,0.29069767,1
999,CASSERQGSGNTIYF,0.29069767,1
999,CSASAPLRGAGNTEAFF,0.29069767,1
999,CASSSRGARVSYEQYF,0.29069767,1
999,CASSYTTGRLNTEAFF,0.29069767,1
999,CASSQDRDTEAFF,0.29069767,1
999,CASSPGSGRGGDTQYF,0.29069767,1
999,CASSGQGLHARNTIYF,0.29069767,1
999,CASSVEGSNQPQHF,0.29069767,1
999,CASSFGQNPNYGYTF,0.29069767,1
999,CASSSGRGEKLFF,0.29069767,1
999,CASSEDVLGARVGNIQYF,0.29069767,1
999,CSVDQGTQYF,0.29069767,1
999,CASTSGAGHSGANVLTF,0.29069767,1
999,CASSYSAGINYGYTF,0.29069767,1
999,CATSDPRQGAARETQYF,0.29069767,1
999,CASSPRVSGANVLTF,0.29069767,1
999,CASSSSYSRRGAEAFF,0.29069767,1
999,CASSRTVTYEQYF,0.29069767,1
999,CASSQVDSGNTIYF,0.29069767,1
999,CASSSGSSHTIYF,0.29069767,1
999,CSAIETGVTGHEQYF,0.29069767,1
999,CASSYSAGEGTEAFF,0.29069767,1
999,CASSLRIYNEQFF,0.29069767,1
999,CASSLVRDQNSPLHF,0.29069767,1
999,CASSYGGQGGTEAFF,0.29069767,1
999,CSVEVWGQGSEKLFF,0.29069767,1
999,CASSNQGEQYF,0.29069767,1
999,CAWSPLLGANYGYTF,0.29069767,1
999,CSVSRTSAGTGELFF,0.29069767,1
999,CSVERGPRLFF,0.29069767,1
999,CAWSAWGRDSPLHF,0.29069767,1
999,CASGTGYEQYF,0.58139534,2
999,CASSLFAGRRETQYF,0.58139534,2
999,CASSLGTDYEQYF,0.58139534,2
999,CASSRRMNTEAFF,0.58139534,2
999,CASSKRTGGSTEAFF,0.58139535,2
999,CASRPQFGDSTEAFF,0.58139535,2
999,CASSEGQGRRDIQYF,0.58139535,2
999,CASSKLFPDNEQFF,0.58139535,2
999,CASSQQGADTDTQYF,0.58139535,2
999,CASSYSTGKGGYYGYTF,0.58139535,2
999,CAWSGTGGKQYF,0.58139535,2
999,CSAEGAVNTEAFF,0.58139535,2
999,CASSLAWDSNQPQHF,0.58139535,2
999,CASSLGQGTGVYEQYF,0.58139535,2
999,CAWAPVGGARETQYF,0.58139535,2
999,CASRALIATIRTEAFF,0.58139535,2
999,CAWSGVAKNIQYF,0.58139535,2
999,CASSYLVSGANVLTF,0.58139535,2
999,CASSLPGHPNYGYTF,0.58139535,2
999,CASSPGGGNYEQYF,0.58139535,2
999,CASSLGRRYGYTF,0.58139535,2
999,CASSYRPTLNTGELFF,0.58139535,2
999,CASSPPLAGAYEQYF,0.58139535,2
999,CASSFKDPFLAHQPQHF,0.58139535,2
999,CASSSETGGFGYTF,0.58139535,2
999,CASRPPGQGPYTEAFF,0.58139535,2
999,CASRSTGVYGYTF,0.58139535,2
999,CASSTQGTQYF,0.87209301,3
999,CASSLGQGGGNEQFF,0.87209302,3
999,CASETSGASTDTQYF,0.87209302,3
999,CASSQEPGAYEAFF,0.87209302,3
999,CSARDRSDTDNSPLHF,0.87209302,3
999,CATRTGGVFGYTF,0.87209302,3
999,CASSWTSGVTEQYF,0.87209302,3
999,CASSFSSGLEWYF,1.16279069,4
999,CASSFSPNTGELFF,1.1627907,4
999,CASNPQGNQPQHF,1.45348836,5
999,CASSMRTGGGSEAFF,2.03488372,7
108,CASSQERGRGGARDNEKLFF,0.72463768,1
108,CATSRDRPTSGITDTQYF,0.72463768,1
108,CASSLAGTRGDTQYF,0.72463768,1
108,CASSLKGGPTETQYF,0.72463768,1
108,CASSLNRGEQYF,0.72463768,1
108,CASRSTLGGGNTIYF,0.72463768,1
108,CASSSGRGWNTEAFF,0.72463768,1
108,CASSLAQLNEQFF,0.72463768,1
108,TVAGRLFWTSRANVLTF,0.72463768,1
108,CASSRDRGDQKLFF,0.72463768,1
108,CASSDLLPFWHHQPQHF,0.72463768,1
108,CASSQPGLLNIQYF,0.72463768,1
108,CASSHRDMAYEQYF,0.72463768,1
108,CASSFDGSLPGEQFF,0.72463768,1
108,CASVLDPRKTYGYTF,0.72463768,1
108,CASSYDLGSDTQYF,0.72463768,1
108,CASSPLSRKTYGYTF,0.72463768,1
108,CASGMGSYEQYF,0.72463768,1
108,CASSTTPGVGNQPQHF,0.72463768,1
108,CASSLVERGARNTQYF,0.72463768,1
108,CASSSDKTYEQYF,0.72463768,1
108,CASSSGFYGYTF,0.72463768,1
108,CASSILLDRGGGYTF,0.72463768,1
108,CASSWTSPGPYEQYF,0.72463768,1
108,CASSERQGSEAFF,0.72463768,1
108,CASSFVPGELFF,0.72463768,1
108,CASTQRGTDYGYTF,0.72463768,1
108,CASSFRVQGGYTF,0.72463768,1
108,CASSSFPRQGNEKLFF,0.72463768,1
108,CASSRKILWHHQPQHF,0.72463768,1
108,CASSSSLAGRYEQYF,0.72463768,1
108,CASGTGGHETQYF,0.72463768,1
108,CASSGKTYGYTF,0.72463768,1
108,CATRVTDLAKNIQYF,0.72463768,1
108,CASTRQVRYGYTF,0.72463768,1
108,CATSDGPTGLEQYF,0.72463768,1
108,CSVAGSSGNQPQHF,0.72463768,1
108,CASSPGPAWGEQFF,0.72463768,1
108,CASSSSDPRNTQYF,0.72463768,1
108,CPCTSGGEQSRANVLTF,0.72463768,1
108,CASSWASGGVADTQYF,0.72463768,1
108,CASSLVPTGVEATNEKLFF,0.72463768,1
108,CASILVCVQSRANVLTF,0.72463768,1
108,CASSGDRVVRQPQHF,0.72463768,1
108,CATLGQVFNEQFF,0.72463768,1
108,CASSPTTGAGNTIYF,0.72463768,1
108,CASSLVVTSGHLTYEQYF,0.72463768,1
108,CSARDRADFNTEAFF,0.72463768,1
108,CASSASGTSGGYEQFF,0.72463768,1
108,CASSQWDGGRETQYF,0.72463768,1
108,CASRRTSGQETQYF,0.72463768,1
108,CASSLSSGDPYNEQFF,0.72463768,1
108,CSARDPTGGYQPQHF,0.72463768,1
108,CASSPGTPYGYTF,0.72463768,1
108,CSASPGSSYNEQFF,0.72463768,1
108,CASSGNDNSPLHF,0.72463768,1
108,CASSLSSGGRSYEQYF,0.72463768,1
108,CTSSLFCLCTRANVLTF,0.72463768,1
108,CASSQQGSNQPQHF,0.72463768,1
108,CASTAGGSYEQYF,0.72463768,1
108,CASSPRQGASPLHF,0.72463768,1
108,CASSEDGRGSSYNSPLHF,0.72463768,1
108,CASSATLGGYEQYF,0.72463768,1
108,CASSPTYWLQSRANVLTF,0.72463768,1
108,CASSQPGHTNEKLFF,0.72463768,1
108,CASRPGTANYGYTF,0.72463768,1
108,CSAAGSNSNQPQHF,0.72463768,1
108,CASSPNDNQPQHF,1.44927536,2
108,CAIMRDTEAFF,1.44927536,2
108,CASSLDQGSYGYTF,1.44927536,2
108,CASSLSLAPHGYTF,1.44927536,2
108,CASKRDRARHYGYTF,1.44927536,2
108,CASSVDGNLGTGELFF,1.44927536,2
108,CASSLEGANQPQHF,1.44927536,2
108,CATSRLFNSPLHF,1.44927536,2
108,CATGRDSLYGYTF,1.44927536,2
108,CAGGVRNSPLHF,1.44927536,2
108,CASSGAGNTIYF,1.44927536,2
108,CASSQERGRGGSRDNEKLFF,1.44927536,2
108,CASSSVYRDTEAFF,2.17391304,3
106,CASSSDGQATQYF,1.25,1
106,CASSVAGSSDTQYF,1.25,1
106,CSASLSGLAGGFYEQYF,1.25,1
106,CASSFRFSPPSERTEAFF,1.25,1
106,CASSSFGPVMQDTQYF,1.25,1
106,CASSQGDSGETQYF,1.25,1
106,CASSQGRGNGETQYF,1.25,1
106,CASSRRSPVMQDTQYF,1.25,1
106,CATSFLLRCDKSRANVLTF,1.25,1
106,CASSSPIGEQYF,1.25,1
106,CASSSGRYGKTYGYTF,1.25,1
106,YSSRISIGQSRANVLTF,1.25,1
106,CASSLGNANNEQFF,1.25,1
106,CASSGGRQETQYF,1.25,1
106,CASSTSHPQSRANVLTF,1.25,1
106,CASSPTGAGYNEQFF,1.25,1
106,CASSSNPVYNEQFF,1.25,1
106,CASSFRGGGVTEAFF,1.25,1
106,CASRSGGNGYTF,1.25,1
106,CASETQGTPLHF,1.25,1
106,CASSVASTTGELFF,1.25,1
106,CASSPGGSSNQPQHF,1.25,1
106,CASSLGLRGRDEQYF,1.25,1
106,CASSAPRRSNKVGPT,1.25,1
106,CASQDRNYGYTF,1.25,1
106,CASSLDLGGSTDTQYF,2.5,2
106,CASSNKRLSETQYF,2.5,2
106,CASSLGAGRTYEQYF,2.5,2
106,CASSLWTGSGNQPQHF,2.5,2
106,CASSPPLELSSGELFF,2.5,2
106,CASTHGARNSPLHF,3.75,3
117,CASKLAGGTDTQYF,0.88495575,1
117,CASSLAGQGAPDTQYF,0.88495575,1
117,CASSERGKRTGELFF,0.88495575,1
117,CATSTGLAQYQETQYF,0.88495575,1
117,CAISSLTGTADTQYF,0.88495575,1
117,CASRGDLAGAANTGELFF,0.88495575,1
117,CASSEKGKRTGELFF,0.88495575,1
117,CASSLETGNEQFF,0.88495575,1
117,CASSLGTGANVLTF,0.88495575,1
117,CASSFTQRSHKAGPTSF,0.88495575,1
117,CSAHGTSGGYYNEQFF,0.88495575,1
117,CAISEGLAGQTDTQYF,0.88495575,1
117,CASRQDWSRNQPQHF,0.88495575,1
117,CASTESRDTFYGYTF,0.88495575,1
117,CASRTSGGSETQYF,0.88495575,1
117,CASSVRQGDTEAFF,0.88495575,1
117,CASSDSTHLHARNTIYF,0.88495575,1
117,CATSREIRGTGELFF,0.88495575,1
117,CATSRDTGGLNEQFF,0.88495575,1
117,CASSVITDTQYF,0.88495575,1
117,CASRPEGLAGLEQFF,0.88495575,1
117,CASSRTTPQSRANVLTF,0.88495575,1
117,CASSVADEQFF,0.88495575,1
117,CASSIGTITQDTQYF,0.88495575,1
117,CASSLGQLTNYGYTF,0.88495575,1
117,CASSRQGTEAFF,0.88495575,1
117,CASSQEMISRGTEAFF,0.88495575,1
117,CASSRSSLWHHQPQHF,0.88495575,1
117,CASSFGRDTQYF,0.88495575,1
117,CASSTKGPIHHHNSPLHF,0.88495575,1
117,CASSQRLGVGGYTF,0.88495575,1
117,CASSPKGATNEKLFF,0.88495575,1
117,CASSSEHPIVLDEQYF,0.88495575,1
117,CASSELGQGGYTF,0.88495575,1
117,CSAVPGFYGYTF,0.88495575,1
117,CASTWRGTGYSPLHF,1.7699115,2
117,CASSLDGFGNSPLHF,1.7699115,2
117,CTSSRVSAQSRANVLTF,1.7699115,2
117,CASRTGIDTIRTEAFF,1.7699115,2
117,CASSLGQTNTEAFF,1.7699115,2
117,CASSQDRPRPGNTIYF,1.7699115,2
117,CATSVGDRRGQPQHF,1.7699115,2
117,CASSDEANNYGYTF,1.7699115,2
117,CASRQDTSGYTF,1.7699115,2
117,CASSVEFNQPQHF,1.7699115,2
117,CASSLSFTGVDTQYF,1.7699115,2
117,CASSYQGDNQPQHF,1.7699115,2
100,CASSLGGARDIQYF,2.17391304,2
100,CAWSGGQKSNQPQHF,2.17391304,2
100,CASRRDRESYEQYF,2.17391304,2
100,CASSKGGSGGERGLFF,1.08695652,1
100,CASSPEGRQETQYF,1.08695652,1
100,CASSSPGTGALSGANVLTF,1.08695652,1
100,CASSITGAGKETQYF,1.08695652,1
100,CANSGGRVLYEQYF,1.08695652,1
100,CSADLNRQAYNEQFF,1.08695652,1
100,CPGSLKQSRANVLTF,1.08695652,1
100,CASSAPGLAGVGTGELFF,1.08695652,1
100,CASSQRQGRLSSSGNTIYF,1.08695652,1
100,CASSDRDRGLNEQFF,1.08695652,1
100,CASSYSPAGGTYGDTQYF,1.08695652,1
100,CASSLDRAAAEAFF,1.08695652,1
100,CASSRRDRLADTQYF,1.08695652,1
100,CASSEPGVVTEAFF,1.08695652,1
100,CASSLWVSNNQPQHF,1.08695652,1
100,CASSTSRPFSETQYF,1.08695652,1
100,CAISEPKGVSTDTQYF,1.08695652,1
100,CASSPYGGGAYEQYF,1.08695652,1
100,CASSSRDRGVRVVSEQFF,1.08695652,1
100,CAISGRQRENYGYTF,1.08695652,1
100,CASSPGQGVTDTQYF,1.08695652,1
100,CASSLRTENYNSPLHF,1.08695652,1
100,CASSGGRVLYEQYF,1.08695652,1
100,CSARQGAYEQYF,1.08695652,1
100,CASSAGTSTDTQYF,1.08695652,1
100,CASSYSSDYEQYF,1.08695652,1
100,CASRPQGEMDGYTF,1.08695652,1
100,CSANTGNSPLHF,1.08695652,1
100,CASSQEQQIQSRANVLTF,1.08695652,1
100,CASSPLMGTSGFTDTQYF,1.08695652,1
100,CASSERRDTQYF,1.08695652,1
100,CASSRRRGAWLSEAFF,1.08695652,1
100,CASSVALSVTDTQYF,1.08695652,1
100,CSAPTSGELFF,1.08695652,1
100,CASRKGAGGAFF,1.08695652,1
100,CASSRQGGTEAFF,1.08695652,1
100,CSARDRGFGSPLHF,1.08695652,1
100,CASSVGSAGGFYTEAFF,1.08695652,1
100,CASSQERQIQSRANVLTF,1.08695652,1
100,CSARAVSGGRLLGEQYF,1.08695652,1
100,CASSYSVEGQFF,1.08695652,1
100,CSARTGIRKAFF,1.08695652,1
100,CASAQGAESPLHF,1.08695652,1
100,CAVRKTYGYTF,1.08695652,1
100,CASEVRKTYGYTF,1.08695652,1
100,CASTNGRQGAFF,1.08695652,1
100,CASSLEGGQVSQETQYF,1.08695652,1
100,CASSPYCVLDEQYF,1.08695652,1
100,CASWTEYSNQPQHF,1.08695652,1
100,CASGGESNSPLHF,1.08695652,1
100,CASSPSGLAANNEQFF,1.08695652,1
100,CASSLNSNEQFF,1.08695652,1
100,CASSEGAPNQPQHF,1.08695652,1
100,CASSSSPRGAGYGYTF,1.08695652,1
