Subject,Year,Cell,Day,CDR3 Nucleotide,CDR3 AminoAcid,Frequency,CDR3 Length,V,D,J,SequenceStatus,Count
108,1516,HA40+,180,CATCAATTCCCTGGAGCTTGGTGACTCTGCTGTGTATTTCTGTGCCAGCAGCCAAGGGCAAGAAAAAACATTCAGTACTTCGGCGCC,,7.54716981,41,TCRBV03,TCRBD01-01*01,TCRBJ02-04*01,Out,4
108,1516,HA40+,180,ATCAATTCCCTGGAGCTTGGTGACTCTGCTGTGTATTTCTGTGCCAGCAGCCATTTTTGGCATCATCAGCCCCAGCATTTTGGTGAT,CASSHFWHHQPQHF,3.77358491,42,TCRBV03,TCRBD01-01*01,TCRBJ01-05*01,In,2
108,1516,HA40+,180,CACATCAATTCCCTGGAGCTTGGTGACTCTGCTGTGTATTTCTGTGCCAGCAGCGTAGGCTTGACCGGGGAGCTGTTTTTTGGAGAA,CASSVGLTGELFF,3.77358491,39,TCRBV03,unresolved,TCRBJ02-02*01,In,2
108,1516,HA40+,180,GGAGCTTGGTGACTCTGCTGTGTATTTCTGTGCCAGCAGCGCAATCATTCCCTACAAAGTCGGGCCAACGTCCTGACTTTCGGGGCC,,3.77358491,53,TCRBV03,unresolved,TCRBJ02-06*01,Out,2
108,1516,HA40+,180,CCCTGGAGCTTGGTGACTCTGCTGTGTATTTCTGTGCCAGCAGCGAACTTATCCCATTTCATTCGCACTGAAGCTTTCTTTGGACAA,,3.77358491,49,TCRBV03,TCRBD02-01,TCRBJ01-01*01,Out,2
108,1516,HA40+,180,CCTGGAGCTTGGTGACTCTGCTGTGTATTTCTGTGCCAGCAGCCACCGATCTCCCATTTCATGCAAGATACGCAGTATTTTGGCCCA,,3.77358491,50,TCRBV03,unresolved,TCRBJ02-03*01,Out,2
108,1516,HA40+,180,GCACAGAGCAGCGGGACTCAGCCATGTATCGCTGTGCCAGCAGCTGAAGGCGCACAAAGTCGGGCCAACGTCCTGACTTTCGGGGCC,,1.88679245,49,TCRBV07-07*01,unresolved,TCRBJ02-06*01,Out,1
108,1516,HA40+,180,AGCCAGAAGACTCGGCCCTGTATCTCTGTGCCAGCAGCTTTCCCACTACGAGGACAAAGTCGGGCCAACGTCCTGACTTTCGGGGCC,,1.88679245,55,TCRBV04-02*01,TCRBD01-01*01,TCRBJ02-06*01,Out,1
108,1516,HA40+,180,ACTGTGAGCAACATGAGCCCTGAAGACAGCAGCATATATCTCTGCAGCGTCGATGGCACCCTAAACACTGAAGCTTTCTTTGGACAA,CSVDGTLNTEAFF,1.88679245,39,TCRBV29-01*01,unresolved,TCRBJ01-01*01,In,1
108,1516,HA40+,180,GTCCACGGAGTCAGGGGACACAGCACTGTATTTCTGTGCCAGCAAGCGGAGTAGCTACACTTCTCTGAGACCCAGTACTTCGGGCCA,,1.88679245,47,TCRBV21-01*01,TCRBD02-01,TCRBJ02-05*01,Out,1
108,1516,HA40+,180,CTGCAGAACTGGAGGATTCTGGAGTTTATTTCTGTGCCAGCAGCTCATACATGTAAAAGTCGGGCCAACGTCCTGACTTTCGGGGCC,,1.88679245,49,TCRBV14-01*01,TCRBD01-01*01,TCRBJ02-06*01,Out,1
108,1516,HA40+,180,GTCCACGGAGTCAGGGGACACAGCACTGTATTTCTGTGCCAGCAGCTCATGGCTACAGTCATGCAAGATACGCAGTATTTTGGCCCA,,1.88679245,47,TCRBV21-01*01,TCRBD01-01*01,TCRBJ02-03*01,Out,1
108,1516,HA40+,180,CGATTCAGCGCACAGAGCAGCGGGACTCAGCCATGTATCGCTGTGCCAGCAGAGTGCCGAAAGACCTATGGCTACACCTTCGGTTCG,,1.88679245,40,TCRBV07-07*01,unresolved,TCRBJ01-02*01,Out,1
108,1516,HA40+,180,GCTGGGGGACTCAGCCCTGTACTTCTGTGCCAGCAAGTAGAAGTTTGGAGGCCTGAGTGAAAGACCTATGGCTACACCTTCGGTTCG,,1.88679245,56,TCRBV13-01*01,TCRBD02-01*02,TCRBJ01-02*01,Out,1
108,1516,HA40+,180,TCCACGGAGTCAGGGGACACAGCACTGTATTTCTGTGCCAGCAGGGTACGCCAACAAAGTCGGGCCAACGTCCTGACTTTCGGGGCC,CASRVRQQSRANVLTF,1.88679245,48,TCRBV21-01*01,TCRBD01-01*01,TCRBJ02-06*01,In,1
108,1516,HA40+,180,AGAGCAGCGCGACTGGAGCCATGTACCTGTGTGCCACCAGCTCCGCCGGAAGGTGTGGAAAAGACCTATGGCTACACCTTCGGTTCG,,1.88679245,52,TCRBV15-01*01,unresolved,TCRBJ01-02*01,Out,1
108,1516,HA40+,180,AGCCCATGAACCCAGGGACTTGGACCTATATTTCTGTGCCAGCAGCCTCCATATTGTATAGGGACCTATGGCTACACCTTCGGTTCG,,1.88679245,47,TCRBV12-01*01,unresolved,TCRBJ01-02*01,Out,1
108,1516,HA40+,180,CCCTGGAGCTTGGTGACTCTGCTGTGTATTTCGCCAGCAGCAGTAGCATTCCCATTCCATTCCGACAATGAGCAGTTCTTCGGGCCA,,1.88679245,49,TCRBV03,TCRBD02-01,TCRBJ02-01*01,Out,1
108,1516,HA40+,180,GCACAGAGCAGCGGGACTCGGCCATGTATCGCTGTGCCAGCAGCCACGCCACTATCTCGAAAGACCTATGGCTACACCTTCGGTTCG,,1.88679245,49,TCRBV07-06*01,TCRBD02-01,TCRBJ01-02*01,Out,1
108,1516,HA40+,180,GCTCCCTCCCAGACATCTGTATACTTCTGTGCCAGCAGTGGTAGGAGGCCTCGACAAAGTCGGGCCAACGTCCTGACTTTCGGGGCC,CASSGRRPRQSRANVLTF,1.88679245,54,TCRBV06-09*01,TCRBD02-01*02,TCRBJ02-06*01,In,1
108,1516,HA40+,180,TTCCCTGGAGCTTGGTGACTCTGCTGTGTATTTCTGTGCCAGCAGCAGTTTTCGTCTTGGCATCATCAGCCCCAGCATTTTGGTGAT,,1.88679245,47,TCRBV03,TCRBD01-01*01,TCRBJ01-05*01,Out,1
108,1516,HA40+,180,GCTCCCTCCCAAACATCTGTGTACTTCTGTGCCAGCAGTGCGAGACGGGTGCTACAAAGTCGGGCCAACGTCCTGACTTTCGGGGCC,CASSARRVLQSRANVLTF,1.88679245,54,TCRBV06,TCRBD02-01,TCRBJ02-06*01,In,1
108,1516,HA40+,180,AGCTGGGGGACTCAGCCCTGTACTTCTGTGCCAGCAGACGAGGGGGTTAGGCCTGAGTGAAAGACCTATGGCTACACCTTCGGTTCG,,1.88679245,55,TCRBV13-01*01,TCRBD01-01*01,TCRBJ01-02*01,Out,1
108,1516,HA40+,180,ACCCTGCAGCCAGAAGACTCGGCCCTGTATCTCTGTGCCAGCAGCGGATCTCTCGGTTGAAAGACCTATGGCTACACCTTCGGTTCG,CASSGSLG*KTYGYTF,1.88679245,48,TCRBV04-02*01,unresolved,TCRBJ01-02*01,Stop,1
108,1516,HA40+,180,TGCTCCCTCCCAGACATCTGTGTACTTCTGTGCCAGCAGTTCGGGTCCTATGCACAAAGTCGGGCCAACGTCCTGACTTTCGGGGCC,,1.88679245,53,TCRBV06,TCRBD02-01,TCRBJ02-06*01,Out,1
108,1516,HA40+,180,ACTGTGAGCAACATGAGCCCTGAAGACAGCAGCATATATCTCTGCAGCGTCGATGACACCCTAAACACTGAAGCTTTCTTTGGACAA,CSVDDTLNTEAFF,1.88679245,39,TCRBV29-01*01,TCRBD01-01*01,TCRBJ01-01*01,In,1
108,1516,HA40+,180,CCATCCCCAACCAGACAGCTCTTTACTTCTGTGCCACCAGTCTTGTTGTTACAACAAAGTCGGGCCAACGTCCTGACTTTCGGGGCC,,1.88679245,52,TCRBV24,TCRBD01-01*01,TCRBJ02-06*01,Out,1
108,1516,HA40+,180,TTTCCCCAATCCTAGCATCCACCAGCACCAGCCAGACCTATCTGTACCATAACACAAAGTCGGGCCAACGTCCTGACTTTCGGGGCC,,1.88679245,31,TCRBV08-02*01,TCRBD01-01*01,TCRBJ02-06*01,Out,1
108,1516,HA40+,180,CAGTGCCCATCCTGAAGACAGTAGCTTCTACATCTGCAGTGCTGGTGGTGGGCTGTTTCGAAGACCTATGGCTACACCTTCGGTTCG,,1.88679245,47,TCRBV20,TCRBD01-01*01,TCRBJ01-02*01,Out,1
108,1516,HA40+,180,GGAGATCCAGTCCACGGAGTCAGGGGACACAGCACTGTATTTCTGTGCCAGCAGTACACAATTCGCACTGAAGCTTTCTTTGGACAA,,1.88679245,38,TCRBV21-01*01,TCRBD01-01*01,TCRBJ01-01*01,Out,1
108,1516,HA40+,180,CTGGGGGACTCAGCCCTGTACTTCTGTGCCAGCAGGTAGAGACGGGCACGACGTGAGTGAAAGACCTATGGCTACACCTTCGGTTCG,CASR*RRARRE*KTYGYTF,1.88679245,57,TCRBV13-01*01,unresolved,TCRBJ01-02*01,Stop,1
108,1516,HA40+,180,TTTCCCCAATCCTGGCATCCACCAGCACCAGCCAGACCTATCTGTACCATAACACAAAGTCGGGCCAACGTCCTGACTTTCGGGGCC,,1.88679245,31,TCRBV08-02*01,TCRBD01-01*01,TCRBJ02-06*01,Out,1
108,1516,HA40+,180,TCCACGGAGTCAGGGGACACAGCACTGTATTTCTGTGCCAGCAGGCCTCAACTACATTGGCATCATCAGCCCCAGCATTTTGGTGAT,CASRPQLHWHHQPQHF,1.88679245,48,TCRBV21-01*01,TCRBD02-01,TCRBJ01-05*01,In,1
108,1516,HA40+,180,CCCACACCAGCCAAACAGCTTTGTACTTCTGTCCTGGGAGCAATTATAAGCGAACAAAGTCGGGCCAATGTCCTGACTTTCGGGGCC,,1.88679245,52,TCRBV22-01*01,unresolved,TCRBJ02-06*01,Out,1
108,1516,HA40+,180,CTGCAGCCAGAAGACTCGGCCCTGTATCTCTGCGCCAGCAGCCAAAGCCCCGGGCATAGCTCCTACAATGAGCAGTTCTTCGGGCCA,CASSQSPGHSSYNEQFF,1.88679245,51,TCRBV04-03*01,unresolved,TCRBJ02-01*01,In,1
108,1516,HA40+,180,GCGCACACAGCAGGGGGACTTGGCTGTGTATCTCTGTGCCAGCAGCGGATCGACGAGGGAAAGACCTATGGCTACACCTTCGGTTCG,,1.88679245,47,TCRBV07-01*01,TCRBD02-01*02,TCRBJ01-02*01,Out,1
108,1516,HA40+,180,GTACCCTCTCAGACATCTGTGTACTTCTGTGCCAGCAGTGTTGGCAACTCACGACAAAGTCGGGCCAACGTCCTGACTTTCGGGGCC,CASSVGNSRQSRANVLTF,1.88679245,54,TCRBV06-04,TCRBD01-01*01,TCRBJ02-06*01,In,1
108,1516,HA40+,180,CCCTGCAGCCAGAAGACTCAGCCCTGTATCTCTGCGCCAGCAGCATCCGATAAGAACCGAAAGACCTATGGCTACACCTTCGGTTCG,,1.88679245,49,TCRBV04-01*01,unresolved,TCRBJ01-02*01,Out,1
108,1516,HA40+,180,CCTGGAGCTTGGTGACTCTGCTGTGTATTTCTGTGCCAGCAGCGAGAAGCATCCTTTGTCATGCAAGATACGCAGTATTTTGGCCCA,,1.88679245,50,TCRBV03,TCRBD02-01,TCRBJ02-03*01,Out,1
108,1516,HA40+,180,ATTCCCTGGAGCTTGGTGACTCTGCTGTGTATTTCTGTGCCAGCAGCGAATCGCTTCCCTTCCGACAATGAGCAGTTCTTCGGGCCA,,1.88679245,46,TCRBV03,unresolved,TCRBJ02-01*01,Out,1
108,1516,HA40+,180,AATTCCCTGGAGCTTGGTGACTCTGCTGTGTATTTCTGTGCCAGCAGCCGTCGTTATCCCATTTCGTGTTAGACGAGCAGTGGGCCG,CASSRRYPISC*TSS,1.88679245,45,TCRBV03,unresolved,TCRBJ02-07*01,Stop,1
108,1516,HA40+,180,AGCTGGGGGACTCGGCCCTTTATCTTTGCGCCAGCAGCTTGTGGGGACTAGCGGGGGTCAGCCACAGATACGCAGTATTTTGGCCCA,,1.88679245,55,TCRBV05-01*01,TCRBD02-01*01,TCRBJ02-03*01,Out,1
108,1516,HA40+,180,AGCTGGGGGACTCAGCCCTGTACTTCTGTGCCAGCAGTGGACCAATTGAAGCATGAGTGAAAGACCTATGGCTACACCTTCGGTTCG,,1.88679245,55,TCRBV13-01*01,unresolved,TCRBJ01-02*01,Out,1
108,1516,HA40+,180,CACCTTGGAGCTGGGGGACTCGGCCCTTTATCTTTGCGCCAGCAGGACGGTTCACAAAGTCGGGCCAACGTCCTGACTTTCGGGGCC,,1.88679245,47,TCRBV05-01*01,unresolved,TCRBJ02-06*01,Out,1
108,1516,HA40+,180,ATGAGCCCTGAAGACAGCAGCATATATCTCTGCAGCGTTTGATGAATAAGCATACAAAGTCGGGCCAACGTCCTGACTTTCGGGGCC,CSV**ISIQSRANVLTF,1.88679245,51,TCRBV29-01*01,unresolved,TCRBJ02-06*01,Stop,1
108,1516,HA306+,180,AGGCTGCTGTCGGCTGCTCCCTCCCAGACATCTGTGTACTTCTGTGCCAGCTTTCATAACAGTGACACTGAAGCTTTCTTTGGACAA,CASFHNSDTEAFF,5.71428571,39,TCRBV06-05*01,TCRBD01-01*01,TCRBJ01-01*01,In,4
108,1516,HA306+,180,GAGTCTGCCATCCCCAACCAGACAGCTCTTTACTTCTGTGCCACCAGTGATCCAGTGGGACAGGCGGGAGGCTACACCTTCGGTTCG,CATSDPVGQAGGYTF,2.85714286,45,TCRBV24,TCRBD01-01*01,TCRBJ01-02*01,In,2
108,1516,HA306+,180,ATCCAGCCTGCAGAGCTTGGGGACTCGGCCATGTATCTCTGTGCCAGCAGCTTAGCGGCGGGGGAACAGCCCCAGCATTTTGGTGAT,CASSLAAGEQPQHF,2.85714286,42,TCRBV11-01*01,TCRBD02-01*01,TCRBJ01-05*01,In,2
108,1516,HA306+,180,TGCAGAGCTTGGGGACTCGGCCATGTATCTCTGTGCCAGCAGCGCCCAGGCTGACAAAGTCGGGCCAACGTCCTGACTTTCGGGGCC,,2.85714286,50,TCRBV11-01*01,TCRBD01-01*01,TCRBJ02-06*01,Out,2
108,1516,HA306+,180,GATCCAGCGCACAGAGCAGGGGGACTCAGCTGTGTATCTCTGTGCCAGCAGCCAGCTCGAAAGACCTATGGCTACACCTTCGGTTCG,,2.85714286,41,TCRBV07-04*01,unresolved,TCRBJ01-02*01,Out,2
108,1516,HA306+,180,CTGGAGCTTGGTGACTCTGCTGTGTATTTCTGTGCCAGCAGCCAGCGCGATCATTTTTGGCATCATCAGCCCCAGCATTTTGGTGAT,CASSQRDHFWHHQPQHF,2.85714286,51,TCRBV03,unresolved,TCRBJ01-05*01,In,2
108,1516,HA306+,180,ACCCTGCAGCCAGAAGACTCGGCCCTGTATCTCTGTGCCAGCAGCACGTGTGGCAGTTGAAAGACCTATGGCTACACCTTCGGTTCG,CASSTCGS*KTYGYTF,2.85714286,48,TCRBV04-02*01,unresolved,TCRBJ01-02*01,Stop,2
108,1516,HA306+,180,AGGCTGCTGTCGGCTGCTCCCTCCCAGACATCTGTGTACTTCTGTGCCAGCAGTTACGACACGAACACTGAAGCTTTCTTTGGACAA,CASSYDTNTEAFF,2.85714286,39,TCRBV06-05*01,TCRBD01-01*01,TCRBJ01-01*01,In,2
108,1516,HA306+,180,CCCTGGAGCTTGGTGACTCTGCTGTGTATTTCTGTGCCAGCAGCCTCGAGTGTCCCATTTCTCTCTGAGACCCAGTACTTCGGGCCA,,1.42857143,49,TCRBV03,TCRBD02-01*02,TCRBJ02-05*01,Out,1
108,1516,HA306+,180,GAACGCCTTGGAGCTGGACGACTCGGCCCTGTATCTCTGTGCCAGCGTCTCCAGACAAAGTCGGGCAACGTCCTGACTTTCGGGGCC,,1.42857143,44,TCRBV05-04*01,unresolved,TCRBJ02-06*01,Out,1
108,1516,HA306+,180,CTGGGGCTTGGTGACTCTGCTGTGTATTTCTGTGCCAGCAGCACTGACCTTCCCATTGTCATGCAAGATACGCAGTATTTTGGCCCA,CASSTDLPIVMQDTQYF,1.42857143,51,TCRBV03,unresolved,TCRBJ02-03*01,In,1
108,1516,HA306+,180,TTGTTGCTGGGGGACTCGGCCCTGTATCTCTGTGCCAGCTACTAACCTCTCGCACAAAGTCGGGCCAACGTCCTGACTTTCGGGGCC,CASY*PLAQSRANVLTF,1.42857143,51,TCRBV05-05*01,TCRBD02-01,TCRBJ02-06*01,Stop,1
108,1516,HA306+,180,ACAGCAGGAGGACTCCGCCGTGTATCTCTGTGCCAGCAGTGACGAGAGGTAAGTAACGGTCGACGAAACACCATGTATTTTGGAGAG,,1.42857143,53,TCRBV07-08*01,TCRBD02-01*02,TCRBJ01-03*01,Out,1
108,1516,HA306+,180,CTGCAGCAAGAAGACTCAGCTGCGTATCTCTGCAGCAGAGGACTCTGTTTGTGCACAAAGCGGGCCAACGTCCTGACTTTCGGGGCC,CSRGLCLCTKRANVLTF,1.42857143,51,TCRBV01-01*01,TCRBD02-01,TCRBJ02-06*01,In,1
108,1516,HA306+,180,AACATGAGCCCTGAAGGCAGCAGCATATATCTCTGCAGCGTTGTTGGAAACATACAAAGTCGGGCCAACGTCCTGACTTTCGGGGCC,CSVVGNIQSRANVLTF,1.42857143,48,TCRBV29-01*01,unresolved,TCRBJ02-06*01,In,1
108,1516,HA306+,180,TCCGCCAGCACCAACCAGACATCTATGTACCTCTGTGCCAGCAGTGGGGGAGGACGGTCCTCTGGAAACACCATATATTTTGGAGAG,CASSGGGRSSGNTIYF,1.42857143,48,TCRBV28-01*01,TCRBD02-01*02,TCRBJ01-03*01,In,1
108,1516,HA306+,180,CAAAAGAACCCGACAGCTTTCTATCTCTGTGCCAGTAGTGGACCTGGGACAAATCAAAGTCGGGCCAACGTCCTGACTTTCGGGGCC,CASSGPGTNQSRANVLTF,1.42857143,54,TCRBV19-01,TCRBD01-01*01,TCRBJ02-06*01,In,1
108,1516,HA306+,180,CGCCAGCACCAACCAGACATCTATGTACCTCTGTGCCAGCAGTGCGTTCACACACAAAGTCGGGCCAACGTCCTGACTTTCGGGGCC,,1.42857143,50,TCRBV28-01*01,unresolved,TCRBJ02-06*01,Out,1
108,1516,HA306+,180,ATTCCCTGGAGCTTGGTGACTCTGCTATGTATTTCTGTGCCAGCAGCGAGCGGCTTTTTCGTGTTAGACGAGCAGTACTTCGGGCCG,,1.42857143,46,TCRBV03,TCRBD02-01,TCRBJ02-07*01,Out,1
108,1516,HA306+,180,CAATTCCCTGGAGCTTGGTGACTCTGCTGTGTATTTCTGTGCCAGCAGCTGCTGCGGTCCCATTTCGTGTTAGACGAGCTCGGGCCG,,1.42857143,44,TCRBV03,TCRBD02-01,TCRBJ02-07*01,Out,1
108,1516,HA306+,180,CCTCAGAACCCAGGGACTCAGCTGTGTACTTCTGTGCCAGACATCCTAGGGTGAGCGTGGCGAGAGGTACCCCAGCATTTTGGTGAT,,1.42857143,49,TCRBV12,unresolved,TCRBJ01-05*01,Out,1
108,1516,HA306+,180,ATCCAGCGCACAGAGCAAGGGCGACTCGGCTGTGTATCTCTGTGCCAGAATTTATTAGGAAAGACCTATGGCTACACCTTCGGTTCG,,1.42857143,41,TCRBV07-05*01,unresolved,TCRBJ01-02*01,Out,1
108,1516,HA306+,180,CTGTCGGCTGCTCCCTCCCAGACATCTGTGTACTTCTGTGCCAGCAGTTACTTGACAGGCCTGGGAGAGACCCAGTACTTCGGGCCA,CASSYLTGLGETQYF,1.42857143,45,TCRBV06-05*01,TCRBD01-01*01,TCRBJ02-05*01,In,1
108,1516,HA306+,180,CAGCAGGAGGACTCCGCCGTGTATCTCTGTGCCAGCAGCATCAGAGGGTTTACACAAAGTCGGGCCAACGTCCTGACTTTCGGGGCC,CASSIRGFTQSRANVLTF,1.42857143,54,TCRBV07-08*01,TCRBD02-01*02,TCRBJ02-06*01,In,1
108,1516,HA306+,180,CCAGCGCACACAGCAGGAGGACTCCGCCGTGTATCTCTGTGCCAGCATTACCCACAAAGTCGGGCCAACGTCCTGACTTTCGGGGCC,,1.42857143,44,TCRBV07-08*01,TCRBD01-01*01,TCRBJ02-06*01,Out,1
108,1516,HA306+,180,CCTGGAGCTTGGTGACTCTGCTGTGTATTTCTGTGCCAGCAGCATGTCCAATCCCATTTAAGAAAAAACATTCAGTACTTCGGCGCC,,1.42857143,50,TCRBV03,unresolved,TCRBJ02-04*01,Out,1
108,1516,HA306+,180,ACGCCTTGGAGCTGGACGACTCGGCCCTGTATCTCTGTGCCAGCATAGAATCCGTCAGGAAAGACCTATGGCTACACCTTCGGTTCG,,1.42857143,46,TCRBV05-04*01,TCRBD01-01*01,TCRBJ01-02*01,Out,1
108,1516,HA306+,180,CTTGGAGCTGGACGACTCGGCCCTGTATCTCTGTGCCAGCCTGTTGAGCGTAGACAAAGTCGGGCCAACGTCCTGACTTTCGGGGCC,,1.42857143,50,TCRBV05-04*01,unresolved,TCRBJ02-06*01,Out,1
108,1516,HA306+,180,AAGCTGGAGGACTCAGCCATGTACTTCTGTGCCAGCAGTTCCAGGATTACGATACAAAGTCGGGCCAACGTCCTGACTTTCGGGGCC,CASSSRITIQSRANVLTF,1.42857143,54,TCRBV02-01*01,TCRBD01-01*01,TCRBJ02-06*01,In,1
108,1516,HA306+,180,GAGTCTGCCATCCCCAACCAGACAGCTCTTTACTTCTGTGCCACCAGTGATTTCGGACAGGGCACAGATACGCAGTATTTTGGCCCA,CATSDFGQGTDTQYF,1.42857143,45,TCRBV24,TCRBD01-01*01,TCRBJ02-03*01,In,1
108,1516,HA306+,180,GAGCTGGGGGACTCAGCCCTGTACTTCTGTGCCAGCAGAACGAAACTGACGCGTGAGTGAAAGACCTATGGCTACACCTTCGGTTCG,CASRTKLTRE*KTYGYTF,1.42857143,54,TCRBV13-01*01,unresolved,TCRBJ01-02*01,Stop,1
108,1516,HA306+,180,TCGGCTGCTCCCTCCCAGACATCTGTGTACTTCTGTGCCAGCAGTTACTCGACCGCGGGGTTAGGTGAAAAACTGTTTTTTGGCAGT,CASSYSTAGLGEKLFF,1.42857143,48,TCRBV06-05*01,TCRBD02-01*01,TCRBJ01-04*01,In,1
108,1516,HA306+,180,CTCAGGCTGCTGTCGGCTGCTCCCTCCCAGACATCTGTGTACTTCTGTGCCAGCACCGCTGCCCCCTATGGCTACACCTTCGGTTCG,CASTAAPYGYTF,1.42857143,36,TCRBV06-05*01,unresolved,TCRBJ01-02*01,In,1
108,1516,HA306+,180,CTGCTGTCGGCTGCTCCCTCCCAGACATCTGTGTACTTCTGTGCCAGCAGTTACTCCGGGGTTGACTACGAGCAGTACTTCGGGCCG,CASSYSGVDYEQYF,1.42857143,42,TCRBV06-05*01,TCRBD02-01*01,TCRBJ02-07*01,In,1
108,1516,HA306+,180,GGCTGCTCCCTCCCAAACATCTGTGTACTTCTGTGCCAGCAGTATTAGCATCGACAAAGTCGGGCCAACGTCCTGACTTTCGGGGCC,,1.42857143,50,TCRBV06,unresolved,TCRBJ02-06*01,Out,1
108,1516,HA306+,180,AACATGAGCCCTGAAGACAGCAGCATATATCTCTGCAGCGTTGTTGGAAACATACAAAGTCGGGCCAACGTCCTGACTTTCGGGGCC,CSVVGNIQSRANVLTF,1.42857143,48,TCRBV29-01*01,unresolved,TCRBJ02-06*01,In,1
108,1516,HA306+,180,ATCCAGCCTGCAAAGCTTGAGGACTCGGCCGTGTATCTCTGTGCCAGCAGCTTAGCGGCGGGGGAACAGCCCCAGCATTTTGGTGAT,CASSLAAGEQPQHF,1.42857143,42,TCRBV11-02*02,TCRBD02-01*01,TCRBJ01-05*01,In,1
108,1516,HA306+,180,AATTCCCTGGAGCTTGGTGACTCTGCTGTGTATTTCTGTGCCAGCAGCCGTGGCTTGCAAAGAAAAAACATTCAGTACTTCGGCGCC,CASSRGLQRKNIQYF,1.42857143,45,TCRBV03,TCRBD01-01*01,TCRBJ02-04*01,In,1
108,1516,HA306+,180,ACAGCGGGAGGACTCGGCCGTGTATCTCTGTGCCAGCAGCGCGAGAAGGAGACGACAAAGTCGGGCCAACGTCCTGACTTCGGGGCC,,1.42857143,53,TCRBV07-02*01,unresolved,TCRBJ02-06*01,Out,1
108,1516,HA306+,180,ACGGAGTCAGGGGACACAGCACTGTATTTCTGTGCCAGCAGACGGGTTCTAGCTACAAGGTGTAATGAAAAACTGTTTTTTGGCAGT,CASRRVLATRCNEKLFF,1.42857143,51,TCRBV21-01*01,TCRBD02-01,TCRBJ01-04*01,In,1
108,1516,HA306+,180,CAATTCCCTGGAGCTTGGTGACTCTGCTGTGTATTTCTGTGCCAGCAGCTTTCTCGTTCCCTGTTAGACGAGCAGTACTTCGGGCCG,,1.42857143,44,TCRBV03,TCRBD02-01,TCRBJ02-07*01,Out,1
108,1516,HA306+,180,ATCTGCAACTCCCTTTCAGGTGTCCCTGTGTCCTTGTACCCAGTGACTGGTGAACAAAGTCGGGCCAACGTCCTGACTTTCGGGGCC,,1.42857143,53,TCRBVA-or09_02*01,TCRBD02-01,TCRBJ02-06*01,Out,1
108,1516,HA306+,180,TCAAACACGGAGCTAGGGGACTCAGCCCTGTATCTCTGTGCCAGCAAACAAGAGTTACGAAAGACCTATGGCTACACCTTCGGTTCG,CASKQELRKTYGYTF,1.42857143,45,TCRBV05-02*01,unresolved,TCRBJ01-02*01,In,1
108,1516,HA306+,180,GGCTGCTCCCTCCCAGACATCTGTGTACTTCTGTGCCAGCAGTTAGGCGGCTAGCGGGCCCGCACAGATACGCAGTATTTTGGCCCA,,1.42857143,50,TCRBV06,TCRBD02-01,TCRBJ02-03*01,Out,1
108,1516,HA306+,180,GGAACCCAGGGACTTGGGCCTATATTTCTGTGCCAGCAGTGACGCTAGCTCGTTACTTGTCGACACAATGAGCAGTTCTTCGGGCCA,,1.42857143,53,TCRBV12-01*01,TCRBD02-01,TCRBJ02-01*01,Out,1
108,1516,HA306+,180,GCACAGAGCAGGGGGACTCAGCTGTGTATCTCTGTGCCAGCAGCCCCATTTTTCGCTCGAAAGACCTATGGCTACACCTTCGGTTCG,,1.42857143,49,TCRBV07-04*01,unresolved,TCRBJ01-02*01,Out,1
108,1516,HA306+,180,ACAGCAGGAGGACTCGGCCGTGTATCTCTGTGCCAGCAGCGCGAGAAGGAGACGACAAAGTCGGGCCAACGTCCTGACTTCGGGGCC,,1.42857143,53,TCRBV07-02*01,unresolved,TCRBJ02-06*01,Out,1
108,1516,HA306+,180,CTGTCGGCTGCTCCCTCCCAGACATCTGTGTACTTCTGTGCCAGCAGTTCCCAGACAGGGAAACTTAATGAGCAGTTCTTCGGGCCA,CASSSQTGKLNEQFF,1.42857143,45,TCRBV06-05*01,TCRBD01-01*01,TCRBJ02-01*01,In,1
108,1516,HA306+,180,TCCTGTCCTCAGAACCGGGAGACACGGCACTGTATCTCTGCGCCAGCAGACTACCCCTAGAGATCCTACGAGCAGTACTTCGGGCCG,,1.42857143,43,TCRBV23-01*01,TCRBD02-01,TCRBJ02-07*01,Out,1
108,1516,HA306+,180,GAGCAGGGGGACTCAGCTGTGTATCTCTGTGCCAGCAGCGTTGCATGCAGCTCACAAAGTCGGGCCAACGTCCTGACTTTCGGGGCC,CASSVACSSQSRANVLTF,1.42857143,54,TCRBV07-04*01,unresolved,TCRBJ02-06*01,In,1
108,1516,HA306+,180,CTCTGGAGCTGGGGGACTCAGCTTTGTATTTCTGTGCCAGCGTGTCATCTCAAACAAAGTCGGGCCAACGTCCTGACTTTCGGGGCC,,1.42857143,49,TCRBV09-01,TCRBD01-01*01,TCRBJ02-06*01,Out,1
108,1516,HA306+,180,ATCAATTCCCTGGAGCTTGGTGACTCTGCTGTGTATTTCTGTGCCAGCAGCGTAACGGTCATGCAAGATACGCAGTATTTTGGCCCA,CASSVTVMQDTQYF,1.42857143,42,TCRBV03,TCRBD02-01,TCRBJ02-03*01,In,1
108,1516,HA306+,180,AGAGCAGCGGGACTCAGCCATGTATCGCTGTGCCAGCAGCTCTGGGTGTAAGTGCAAAGTCGGGCCAACGTCCTGACTTTCGGGGCC,,1.42857143,53,TCRBV07-07*01,unresolved,TCRBJ02-06*01,Out,1
108,1516,HA306+,180,CTGGAGTCGCCCAGCCCCAACCAGACCTCTCTGTACTTCTGTGCCAGCGGGGAACAGGGTAGGTTGAATGGCTACACCTTCGGTTCG,CASGEQGRLNGYTF,1.42857143,42,TCRBV27-01*01,TCRBD01-01*01,TCRBJ01-02*01,In,1
108,1516,HA306+,180,TCCCTGGAGCTTGGTGACTCTGCTGTGTATTTCTGTGCCAGAGCGAGACAGACCATTTCTTTCTCTGAGACCCAGTACTTCGGGCCA,CARARQTISFSETQYF,1.42857143,48,TCRBV03,TCRBD01-01*01,TCRBJ02-05*01,In,1
108,1516,HA306+,180,ATCCAGCCCTCAGAACCCAGGGACTCAGCTGTGTACTTCTGTGCCAGCAGTTGGAATAGTGACATCTATGGCTACACCTTCGGTTCG,CASSWNSDIYGYTF,1.42857143,42,TCRBV12,TCRBD01-01*01,TCRBJ01-02*01,In,1
108,1516,HA306+,180,CCCTGGAGCTTGGTGACTCTGCTGTGTATTTCTGTGGCCAGCAGCCAGGAAGTTCCCATTTCGTTAGACGAGCAGTACTTCGGGCCG,,1.42857143,49,TCRBV03,TCRBD01-01*01,TCRBJ02-07*01,Out,1
108,1516,HA306+,180,CCAGGCCCTCACATACCTCTCAGTACCTCTGTGCCAGCAGTTACCCGGTCTGGACAAAGTCGGGCCAACGTCCTGACTTTCGGGGCC,,1.42857143,52,TCRBV25-01*01,TCRBD01-01*01,TCRBJ02-06*01,Out,1
108,1516,HA306+,180,TGGAGTCAGCTGCTCCCTCCCAGACATCTGTATACTTCTGTGCCAGCAGTAGGGTGACGCCTTACGGAAAGACCTATGGTCGGTTCG,,1.42857143,43,TCRBV06-09*01,unresolved,TCRBJ01-02*01,Out,1
108,1516,HA306+,180,GAGTCTGCCAGGCCCTCACATACCTCTCAGTACCTCTGTGCCAGCAGTGAATACGGGACAGCTCTCTATGGCTACACCTTCGGTTCG,CASSEYGTALYGYTF,1.42857143,45,TCRBV25-01*01,TCRBD01-01*01,TCRBJ01-02*01,In,1
999,1516,HA40+,180,TCAATTCCCTGGAGCTTGGTGACTCTGCTGTGTATTTCTGTGCCAGCAGCTGCCATTTGAAAGACCTATGGCTACACCTTCGGTTCG,,6.52173913,43,TCRBV03,unresolved,TCRBJ01-02*01,Out,3
999,1516,HA40+,180,AGTGCCCATCCTGAAGACAGCAGCTTCTACATCTGCAGTGCTAGAGATAGGAGCGACACCGATAATTCACCCCTCCACTTTGGGAAC,CSARDRSDTDNSPLHF,4.34782609,48,TCRBV20,unresolved,TCRBJ01-06*01,In,2
999,1516,HA40+,180,CTGCAGAGCTTGGGGACTCGGCCGTGTATCTCTGTGCCAGCAGCGGACGGGGCGATCGGAAAGACCTATGGCTACACCTTCGGTTCG,,4.34782609,49,TCRBV11-03*01,unresolved,TCRBJ01-02*01,Out,2
999,1516,HA40+,180,CGAAGCTTGAGGATTCAGCAGTGTATTTTTGTGCCAGCAGCTCATGTTCGTTAACAAAGTCGGGCCAACGTCCTGACTTTCGGGGCC,,4.34782609,52,TCRBV16-01,TCRBD01-01*01,TCRBJ02-06*01,Out,2
999,1516,HA40+,180,TCAATTCCCTGGAGCTTGGTGACTCTGCTGTGTATTTCTGTGCCAGCAGCGGAAACTAGCTTGACCGGGGAGCTGTTTTTTGGAGAA,,4.34782609,43,TCRBV03,TCRBD02-01,TCRBJ02-02*01,Out,2
999,1516,HA40+,180,CAGCAGGAGGACTCGGCCGTGTATCTCTGTGCCAGCAGCGTATTCAAGGGACAGGGGCACGCCACCGGGGAGCTGTTTTTTGGAGAA,CASSVFKGQGHATGELFF,2.17391304,54,TCRBV07-02*01,TCRBD01-01*01,TCRBJ02-02*01,In,1
999,1516,HA40+,180,AGCTCTCTGGAGCTGGGGGACTCAGCTTTGTATTTCTGTGCCAGCAGCCCCCTGGGCATTGGTGGAAACACCATATATTTTGGAGAG,CASSPLGIGGNTIYF,2.17391304,45,TCRBV09-01,TCRBD01-01*01,TCRBJ01-03*01,In,1
999,1516,HA40+,180,CCTCTCACTGTGACATCGGCCCAAAAGAACCCGACAGCTTTCTATCTCTGTGCCAGTAGTTACACAGATACGCAGTATTTTGGCCCA,CASSYTDTQYF,2.17391304,33,TCRBV19-01,TCRBD02-01,TCRBJ02-03*01,In,1
999,1516,HA40+,180,TTCCCTGGAGCTTGGTGACTCTGCTGTGTATTTCTGTGCCAGCAGCGTAGCATTTCAGGCTTGACCGGGGAGCTGTTTTTTGGAGAA,,2.17391304,47,TCRBV03,unresolved,TCRBJ02-02*01,Out,1
999,1516,HA40+,180,AGAACCGGGAGACACGGCACTGTATCTCTGCGCCAGCAGTGAACTATGACGTACAGCGGTCGACAAAACATTCAGTACTTCGGCGCC,,2.17391304,53,TCRBV23-01*01,TCRBD02-01,TCRBJ02-04*01,Out,1
999,1516,HA40+,180,CCCTGGAGCTTGGTGACTCTGCTGTGCATTTCTGTGCCAGCAGCCTTTTCCATCCATTTCGTGTTAGACGAGCAGTACTTCGGGCCG,,2.17391304,49,TCRBV03,TCRBD02-01,TCRBJ02-07*01,Out,1
999,1516,HA40+,180,TCCAGCCTGCAGAGCTTGGGGACTCGGCCATGTATCTCTGTGCCAGCAGCGCGATTTTTAAGGCTGGAAAGACCTATGGCCGGTTCG,,2.17391304,43,TCRBV11-01*01,unresolved,TCRBJ01-02*01,Out,1
999,1516,HA40+,180,CAAAAGAACCCGACAGCTTTCTATCTCTGTGCCAGTAGTGCCGGGCGGAAATCACAAAGTCGGGCCAACGTCCTGACTTTCGGGGCC,CASSAGRKSQSRANVLTF,2.17391304,54,TCRBV19-01,unresolved,TCRBJ02-06*01,In,1
999,1516,HA40+,180,TCCCTGGAGCTTGGTGACTCTGCTGTGTATTTCTGTGCCAGCAGCCAAGCATTCATACATCATAATTCACCCCTCCACTTTGGGAAC,CASSQAFIHHNSPLHF,2.17391304,48,TCRBV03,TCRBD01-01*01,TCRBJ01-06*01,In,1
999,1516,HA40+,180,AGCTGGGGGACTCAGCCCTGTACTTCTGTGCCAGCAGAAGCCCTAAGGACGCGTGAGTGAAAGACCTATGGCTACACCTTCGGTTCG,,2.17391304,55,TCRBV13-01*01,unresolved,TCRBJ01-02*01,Out,1
999,1516,HA40+,180,CCAGCGCACAGAGCGGGGGGACTCAGCCGTGTATCTCTGTGCCAGCAGCTTGTGGCTTGAAAGACCTATGGCTACACCTTCGGTTCG,,2.17391304,44,TCRBV07-03*01,unresolved,TCRBJ01-02*01,Out,1
999,1516,HA40+,180,AGCTGGGGGACTCAGCTCTGTACTTCTGTGCCAGCAGGTGCACCCTTGATGCCTGAGTGAAAGACCTATGGCTACACCTTCGGTTCG,,2.17391304,55,TCRBV13-01*01,unresolved,TCRBJ01-02*01,Out,1
999,1516,HA40+,180,TTGGAGCTGGAGGACTCGGCCCTGTATCTCTGTGCCAGCAGGACGTATCCCACACAAAGTCGGGCCAACGTCCTGACTTTCGGGGCC,CASRTYPTQSRANVLTF,2.17391304,51,TCRBV05-08*01,unresolved,TCRBJ02-06*01,In,1
999,1516,HA40+,180,TACCCGCTCCCAGACATCTGTGTATTTCTGCGCCAGCAGTGGTACCGCCACTAACAAAGTCGGGCCAACGTCCTGACTTTCGGGGCC,,2.17391304,53,TCRBV10-02*01,TCRBD02-01,TCRBJ02-06*01,Out,1
999,1516,HA40+,180,CCCTGCAGCCAGAAGACTCAGCCCTGTATCTCTGCGCCAGCAGCCAGTCAACCGAACCGAAAGACCTATGGCTACACCTTCGGTTCG,,2.17391304,49,TCRBV04-01*01,unresolved,TCRBJ01-02*01,Out,1
999,1516,HA40+,180,CAGCTGCTCCCTCTCAGACTTCTGTTTACTTCTGTGCCAGCAGTAAGTGTATGTATTTGAAAGACCTATGGCTACACCTTCGGTTCG,,2.17391304,49,TCRBV06-07*01,unresolved,TCRBJ01-02*01,Out,1
999,1516,HA40+,180,GCTGCTCCCTCCCAAACATCTGTGTACTTCTGTGCCAGCAGTCCAAAGCATCGACAAAGTCGGGCCAACGTCCTGACTTTCGGGGCC,CASSPKHRQSRANVLTF,2.17391304,51,TCRBV06,TCRBD01-01*01,TCRBJ02-06*01,In,1
999,1516,HA40+,180,GAACTGCAGCAAGAAGACTCAGCTGCGTATCTCTGCACCAGCAGTGACATTGCACAAAGTCGGGCCAACGTCCTGACTTTCGGGGCC,CTSSDIAQSRANVLTF,2.17391304,48,TCRBV01-01*01,TCRBD01-01*01,TCRBJ02-06*01,In,1
999,1516,HA40+,180,TAATTATAGCTCTGAGCTGAATGCCCTGTATCTCTGTGCCAGCATGGATATCGTACCAGGAAGACCTATGGCTACACCTTCGGTTCG,,2.17391304,20,TCRBV05,TCRBD01-01*01,TCRBJ01-02*01,Out,1
999,1516,HA40+,180,CCTCACATACCTCTCAGTACCTCTGTGCCAGCAGTGTTCTGATGAGAAACTGGACAAAGTCGGGCCAACGTCCTGACTTTCGGGGCC,,2.17391304,58,TCRBV25,TCRBD01-01*01,TCRBJ02-06*01,Out,1
999,1516,HA40+,180,AAGCTTGAGGATTCAGCAGTGTATTTTTGTGCCAGCAGCGCGCTTCTGGTCGAACAAAGTCGGGCCAACGTCCTGACTTTCGGGGCC,CASSALLVEQSRANVLTF,2.17391304,54,TCRBV16-01,unresolved,TCRBJ02-06*01,In,1
999,1516,HA40+,180,TCAATTCCCTGGAGCTTGGTGACTCTGCTGTGTATTTCTGTGCCAGCAGCGGTCATTTCAATTCGCACTGAAGCTTTCTTTGGACAA,,2.17391304,43,TCRBV03,unresolved,TCRBJ01-01*01,Out,1
999,1516,HA40+,180,GAGCTTGGTGACTCTGCTGTGTATTTCTGTGCCAGCAGCGTCCTCGTTCCCATTCATAATCATAATTCACCCCTCCACTTTGGGAAC,CASSVLVPIHNHNSPLHF,2.17391304,54,TCRBV03,unresolved,TCRBJ01-06*01,In,1
999,1516,HA40+,180,GCCCACACCAGCCAAACAGCTTTGTACTTCTGTCCTGGGAGACTTCTTAGCGAACAAAGTCGGGCCAACGTCCTGACTTTCGGGGCC,CPGRLLSEQSRANVLTF,2.17391304,51,TCRBV22-01*01,TCRBD02-01,TCRBJ02-06*01,In,1
999,1516,HA40+,180,CTGGAGCTTGGTGACTCTGCTGTGTATTTCTGTGCCAGCAGCTAGGAGTGTTCACAAAGTCGGGCCAACGTCCTGACTTTCGGGGCC,CASS*ECSQSRANVLTF,2.17391304,51,TCRBV03,TCRBD02-01*02,TCRBJ02-06*01,Stop,1
999,1516,HA40+,180,CAGCCCATGGAACCCAGGGACTTGGGCCTATATTTCTGTGCCAGCAGCATAGGACAAAGTCGGGCCAACGTCCTGACTTTCGGGGCC,CASSIGQSRANVLTF,2.17391304,45,TCRBV12-01*01,TCRBD01-01*01,TCRBJ02-06*01,In,1
999,1516,HA40+,180,TCCCTGGAGCTTGGTGACTCTGCTGTGTATTTCTGTGCCAGCAGCGTTTTAAGATTTGTCATGCAAGATACGCAGTATTTTGGCCCA,CASSVLRFVMQDTQYF,2.17391304,48,TCRBV03,unresolved,TCRBJ02-03*01,In,1
999,1516,HA40+,180,TCTTCACATCAATTCCCTGGAGCTTGGTGACTCTGCTGTGTATTTCTGTGCCAGCATTCAATTCGCACTGAAGCTTTCTTTGGACAA,,2.17391304,35,TCRBV03,unresolved,TCRBJ01-01*01,Out,1
999,1516,HA40+,180,CAGCAGGGGGACTTGGCTGTGTATCTCTGTGCCAGCAGCGCCTGGCTTCACGAGGACAAGTCGGGCCAACGTCCTGATTTCGGGGCC,CASSAWLHEDKSGQRPDF,2.17391304,54,TCRBV07-01*01,TCRBD01-01*01,TCRBJ02-06*01,In,1
999,1516,HA40+,180,GTCCACAAAGCTGGAGGACTCAGCCATGTACTTCTGTGCCAGCAGTTGTAAGCATTACCGATGACCTATGGCTACACCTTCGGTTCG,,2.17391304,47,TCRBV02-01*01,unresolved,TCRBJ01-02*01,Out,1
999,1516,HA40+,180,TGAACGCCTTGTTGCTGGGGGACTCGGCCCTCTATCTCTGTGCCAGCGAAGTCACAAAGTCGGGCCAACGTCCTGACTTTCGGGGCC,,2.17391304,43,TCRBV05-06*01,TCRBD01-01*01,TCRBJ02-06*01,Out,1
999,1516,HA40+,180,GGAGCTTGGTGACTCTGCTGTGTATTTCTGTGCCAGCAGCAGGTCACTTCCCATTCATACATCTAATCACCCCTCCACTTTGGGAAC,,2.17391304,53,TCRBV03,unresolved,TCRBJ01-06*01,Out,1
999,1516,HA40+,180,AGTCAGCTGCTCCCTCTCAGACTTCTGTTTACTTCTGTGCCAGCAGTTCAATTTATTTGAAAGACCTATGGCTACACCTTCGGTTCG,,2.17391304,46,TCRBV06-07*01,unresolved,TCRBJ01-02*01,Out,1
999,1516,HA40+,180,CGCACTGCAGCAAGAAGACTCAGCTGCGTATCTCTGCACCAGCAGGAGCGGGCGTTTGTTCGGGCCAACGTCCTGACTTTCGGGGCC,,2.17391304,47,TCRBV01-01*01,TCRBD02-01,TCRBJ02-06*01,Out,1
999,1516,HA40+,180,TCGGCTGCTCCCTCCCAAACATCTGTGTACTTCTGTGCCAGCAGTGCGTACGCGTGCTGAAAGACCTATGGCTACACCTTCGGTTCG,CASSAYAC*KTYGYTF,2.17391304,48,TCRBV06,unresolved,TCRBJ01-02*01,Stop,1
999,1516,HA306+,180,TCCGCCAGCACCAACCAGACATCTATGTACCTCTGTGCCAGCAATGGGGGCGCGGGACAGGGGATCCACGAGCAGTACTTCGGGCCG,CASNGGAGQGIHEQYF,4.10958904,48,TCRBV28-01*01,TCRBD01-01*01,TCRBJ02-07*01,In,3
999,1516,HA306+,180,ATTCTGGAGTCCGCCAGCACCAACCAGACATCTATGTACCTCTGTGCCAGCAGTTCCATATCGGACTATGGCTACACCTTCGGTTCG,CASSSISDYGYTF,4.10958904,39,TCRBV28-01*01,TCRBD02-01,TCRBJ01-02*01,In,3
999,1516,HA306+,180,CATCGGCCCAAAAGAACCCGACAGCTTTCTATCTCTGTGCCAGCTTCGAGGGCACCTTATAGCAATCAGCCCCAGCATTTTGGTGAT,,2.73972603,46,TCRBV19-01,TCRBD02-01*02,TCRBJ01-05*01,Out,2
999,1516,HA306+,180,TCAGAACCCAGGGACTCAGCTGTGTATTTTTGTGCTAGTGGTGTTCAGGAAGGACAAAGTCGGGCCAACGTCCTGACTTTCGGGGCC,CASGVQEGQSRANVLTF,2.73972603,51,TCRBV12-05*01,TCRBD01-01*01,TCRBJ02-06*01,In,2
999,1516,HA306+,180,TCAATTCCCTGGAGCTTGGTGACTCTGCTGTGTATTTCTGTGCCAGCAGCCGTCGGCTTCCTGCAAGATACGCAGTATTTTGGCCCA,,2.73972603,43,TCRBV03,unresolved,TCRBJ02-03*01,Out,2
999,1516,HA306+,180,TACACACCCTGCAGCCAGAAGACTCGGCCCTGTATCTCTGTGCCAGCAGCAGAAGGTTGAAAGACCTATGGCTACACCTTCGGTTCG,,2.73972603,43,TCRBV04-02*01,unresolved,TCRBJ01-02*01,Out,2
999,1516,HA306+,180,CCAACCAGACCTCTCTGTACTTCTGTGCCAGCAGTTTGAAGTTGGGAGTTGACACAACAAAACACCGGGGAGCTGTTTTTTGGAGAA,,2.73972603,58,TCRBV27-01*01,TCRBD02-01*02,TCRBJ02-02*01,Out,2
999,1516,HA306+,180,AGTTCTAAGAAGCTCCTTCTCAGTGACTCTGGCTTCTATCTCTGTGCCTGGAGTCGACAGGGCCCCACTGAAGCTTTCTTTGGACAA,CAWSRQGPTEAFF,2.73972603,39,TCRBV30-01*01,TCRBD01-01*01,TCRBJ01-01*01,In,2
999,1516,HA306+,180,AGGCTGCTGTCGGCTGCTCCCTCCCAGACATCTGTGTACTTCTGTGCCAGCAGTCCCCCGGGGGCATACGAGCAGTTCTTCGGGCCA,CASSPPGAYEQFF,2.73972603,39,TCRBV06-05*01,unresolved,TCRBJ02-01*01,In,2
999,1516,HA306+,180,ATTCTGGAGTCCGCCAGCACCAACCAGACATCTATGTACCTCTGTGCCATCGGGAACCAGAACACCGGGGAGCTGTTTTTTGGAGAA,CAIGNQNTGELFF,2.73972603,39,TCRBV28-01*01,TCRBD02-01*02,TCRBJ02-02*01,In,2
999,1516,HA306+,180,TCCCTGATTCTGGAGTCCGCCAGCACCAACCAGACATCTATGTACCTCTGTGCCAGCAGTTTACGCGGGGGCTGCTTCTTCGGGCCA,CASSLRGGCFF,2.73972603,33,TCRBV28-01*01,TCRBD02-01*01,TCRBJ02-01*01,In,2
999,1516,HA306+,180,GAGCTGGGGGACTCAGCCCTGTACTTCTGTGCCAGCAGCTTGGAATTGATGCATGAGTGAAAGACCTATGGCTACACCTTCGGTTCG,CASSLELMHE*KTYGYTF,2.73972603,54,TCRBV13-01*01,unresolved,TCRBJ01-02*01,Stop,2
999,1516,HA306+,180,CTGGAGCTTGGTGACTCTGCTGTGTATTTCTGTGCCAGCAGCAAGGGTCCTCATTTTTGGCATCATCAGCCCCAGCATTTTGGTGAT,CASSKGPHFWHHQPQHF,2.73972603,51,TCRBV03,unresolved,TCRBJ01-05*01,In,2
999,1516,HA306+,180,AGCTGGGGGACTCAGCCCTGTACTTCTGTGCCAGCACGAATTGGTCGAATGACTGAGTGAAAGACCTATGGCTACACCTTCGGTTCG,,2.73972603,55,TCRBV13-01*01,TCRBD02-01,TCRBJ01-02*01,Out,2
999,1516,HA306+,180,GGGTTGGAGTCGGCTGCTCCCTCCCAAACATCTGTGTACTTCTGTGCCAGCAGTCCCCCGGGGGCATACGAGCAGTTCTTCGGGCCA,CASSPPGAYEQFF,1.36986301,39,TCRBV06,unresolved,TCRBJ02-01*01,In,1
999,1516,HA306+,180,AGCACAACCAGACATCTATGTACCTCTGTGCCAGCAGTGGGGTTGGTCCTTGACACAAGTCGGGCCAACGTCCTGACTTTCGGGGCC,,1.36986301,55,TCRBV28-01*01,unresolved,TCRBJ02-06*01,Out,1
999,1516,HA306+,180,AGCTGGGGGACTAAGCCCTGTACTTCTGTGCCAGCAGTAGACCCGCGCATGCCTGAGTGAAAGACCTATGGCTACACCTTCGGTTCG,,1.36986301,55,TCRBV13-01*01,unresolved,TCRBJ01-02*01,Out,1
999,1516,HA306+,180,ACATCGGCCCAAAAGAACCCGACAGCTTTCTATCTCTGTGCCAGTAGCGGACAGGGGGAATGGGGCACTGAAGCTTTCTTTGGACAA,CASSGQGEWGTEAFF,1.36986301,45,TCRBV19-01,TCRBD01-01*01,TCRBJ01-01*01,In,1
999,1516,HA306+,180,GAGTCCGCCAGCACCAACCAGACATCTATGTACCTCTGTGCCAGCAGTAATATAGACAGGGGTGGCTATGGCTACACCTTCGGTTCG,CASSNIDRGGYGYTF,1.36986301,45,TCRBV28-01*01,TCRBD01-01*01,TCRBJ01-02*01,In,1
999,1516,HA306+,180,GAGTCCGCCAGCACCAACCAGACATCTATGTACCTCTGTGCCAGCAGTTCGCCGGGACTAGGTTACAATGAGCAGTTCTTCGGGCCA,CASSSPGLGYNEQFF,1.36986301,45,TCRBV28-01*01,TCRBD02-01,TCRBJ02-01*01,In,1
999,1516,HA306+,180,CACGGAGTCAGGGGACACAGCACTGTATTTCTGTGCCAGCAGGGTGAACGTATACATTGGCATCATCAGCCCCAGCATTTTGGTGAT,,1.36986301,50,TCRBV21-01*01,TCRBD01-01*01,TCRBJ01-05*01,Out,1
999,1516,HA306+,180,TCCCTGGAGCTTGGTGACTCTGCTGTGTATTTCTGTGCCAGCAGCGCGGGCATTATTTGAAAGACCTATGGCTACACCTTCGGTTCG,CASSAGII*KTYGYTF,1.36986301,48,TCRBV03,TCRBD02-01,TCRBJ01-02*01,Stop,1
999,1516,HA306+,180,ACACACCCTGCAGCCAGAAGACTCGGCCCTGTATCTCTGTGCCAGCAGCATAGGACTAGCGCGTACAATGAGCAGTTCTTCGGGCCA,,1.36986301,44,TCRBV04-02*01,TCRBD02-01,TCRBJ02-01*01,Out,1
999,1516,HA306+,180,TGCCTCCTCCCAGACATCTGTATATTTCTGCGCCAGCAGTTGGTATCAGTCGCACAAAGTCGGGCCAACGTCCTGACTTTCGGGGCC,,1.36986301,53,TCRBV10-01,TCRBD01-01*01,TCRBJ02-06*01,Out,1
999,1516,HA306+,180,CTGGAGCTTGGTGACTCTGCTGTGTATTTCTGTGCCAGCAGCCGTTCGATCCATTTCCATTCCGACAATGAGCAGTTCTTCGGGCCA,CASSRSIHFHSDNEQFF,1.36986301,51,TCRBV03,unresolved,TCRBJ02-01*01,In,1
999,1516,HA306+,180,CTGGAGTCCGCCAGCACCAACCAGACATCTATGTACCTCTGTGCCAGCAGTTCCCCGTCATTTCCCGGGGAGCTGTTTTTTGGAGAA,CASSSPSFPGELFF,1.36986301,42,TCRBV28-01*01,unresolved,TCRBJ02-02*01,In,1
999,1516,HA306+,180,GAGTCCGCCAGCACCAACCAGACATCTATGTACCTCTGTGCCAGCAGTACCACCGGGACAGGGTATGAAAAACTGTTTTTTGGCAGT,CASSTTGTGYEKLFF,1.36986301,45,TCRBV28-01*01,TCRBD01-01*01,TCRBJ01-04*01,In,1
999,1516,HA306+,180,CTGGAGTCCGCCAGCACCAACCAGACATCTATGTACCTCTGTGCCAGCAGCACTAGCGGGGGGGCCGGGGAGCTGTTTTTTGGAGAA,CASSTSGGAGELFF,1.36986301,42,TCRBV28-01*01,TCRBD02-01*01,TCRBJ02-02*01,In,1
999,1516,HA306+,180,CTGGAGTCCGCCAGCACCAACCAGACATCTATGTACCTCTGTGCCAGCAGTTTGGGAGACAGGGGCCACGAGCAGTACTTCGGGCCG,CASSLGDRGHEQYF,1.36986301,42,TCRBV28-01*01,TCRBD01-01*01,TCRBJ02-07*01,In,1
999,1516,HA306+,180,CCCTGGAGCTTGGTGACTCTGCTGTGTATTTCTGTGCCAGCAGCGGGTTCAGTCCCCCATTCCGACAATGAGCAGTTCTTCGGGCCA,,1.36986301,49,TCRBV03,unresolved,TCRBJ02-01*01,Out,1
999,1516,HA306+,180,CTGATTCTGGAGTCCGCCAGCACCAACCAGACATCTATGTACCTCTGTGCCAGCAGTTCAGTGACCACTGAAGCTTTCTTTGGACAA,CASSSVTTEAFF,1.36986301,36,TCRBV28-01*01,unresolved,TCRBJ01-01*01,In,1
999,1516,HA306+,180,CTGGAGTCCGCCAGCACCAACCAGACATCTATGTACCTCTGTGCCAGCAGTCGGACAGAAGACATCTATGGCTACACCTTCGGTTCG,CASSRTEDIYGYTF,1.36986301,42,TCRBV28-01*01,TCRBD01-01*01,TCRBJ01-02*01,In,1
999,1516,HA306+,180,ACGCCTTGTTGCTGGGGGACTCGGCCCTCTATCTCTGTGCCAGCAGGGAGCGGGACAGGGCGTGCAGAGACCCAGTACTTCGGGCCA,,1.36986301,46,TCRBV05-06*01,TCRBD01-01*01,TCRBJ02-05*01,Out,1
999,1516,HA306+,180,GGCTGCTCCCTCCCAAACATCTGTGTACTTCTGTGCCAGCAGTGATTAGATGCAGGCTTGAGTCGACACGAGCAGTACTTCGGGCCG,,1.36986301,50,TCRBV06,TCRBD01-01*01,TCRBJ02-07*01,Out,1
999,1516,HA306+,180,TTCCCTGGAGCTTGGTGACTCTGCTGTGTATTTCTGTGCCAGCAGCTGGCGTTCTCTTGGCATCATCAGCCCCAGCATTTTGGTGAT,,1.36986301,47,TCRBV03,unresolved,TCRBJ01-05*01,Out,1
999,1516,HA306+,180,AGGCTGGAGTTGGCTGCTCCCTCCCAGACATCTGTGTACTTCTGTGCCAGCAGCTCAAATGGGGGTGACATTCAGTACTTCGGCGCC,CASSSNGGDIQYF,1.36986301,39,TCRBV06-06,unresolved,TCRBJ02-04*01,In,1
999,1516,HA306+,180,GCTCCCTCCCAGACATCTGTGTACTTCTGTGCCAGCAGTTACTCCCTCCCCCTAGGACAAACCGGGGAGACCCAGTACTTCGGGCCA,CASSYSLPLGQTGETQYF,1.36986301,54,TCRBV06,TCRBD01-01*01,TCRBJ02-05*01,In,1
999,1516,HA306+,180,GCACACAGCAGGAGGACTCGGCCGTGTATCTCTGTGCCAGCAGCTTCACGCGGTACAGTTTGGAACACTGAAGCTTTCTTTGGACAA,,1.36986301,49,TCRBV07-02*01,unresolved,TCRBJ01-01*01,Out,1
999,1516,HA306+,180,CCCTGGAGCTTGGTGACTCTGCTGTGTATTTCTGTGCCAGCACCACGTATTATCCATTTCGTGTTAGACGAGCAGTACTTCGGGCCA,,1.36986301,49,TCRBV03,unresolved,TCRBJ02-05*01,Out,1
999,1516,HA306+,180,TCCACGGAGTCAGGGGACACAGCACTGTATTTCTGTGCCAGCAGCTTCGTTGTATACACAATTCGCACTGAAGCTTTCTTTGGACAA,CASSFVVYTIRTEAFF,1.36986301,48,TCRBV21-01*01,TCRBD01-01*01,TCRBJ01-01*01,In,1
999,1516,HA306+,180,GAGTCCGCCAGCACCAACCAGACATCTATGTACCTCTGTGCCAGCAGCCCCTCCCCCGGGAGGGAGGGTGGAGCTTTCTTTGGACAA,CASSPSPGREGGAFF,1.36986301,45,TCRBV28-01*01,TCRBD02-01*02,TCRBJ01-01*01,In,1
999,1516,HA306+,180,AGGCTGCTGTCGGCTGCTCCCTCCCAGACATCTGTGTACTTCTGTGCCAGCAGCCGCGGGGACATAAAGACCCAGTACTTCGGGCCA,CASSRGDIKTQYF,1.36986301,39,TCRBV06-05*01,unresolved,TCRBJ02-05*01,In,1
999,1516,HA306+,180,CAGCGCACACAGCAGGAGGACTCGGCCGTGTATCTCTGTGCCAGCAGCTCCGGACAGGGCAGCACCGGGGAGCTGTTTTTTGGAGAA,CASSSGQGSTGELFF,1.36986301,45,TCRBV07-02*01,TCRBD01-01*01,TCRBJ02-02*01,In,1
999,1516,HA306+,180,AAATCTTCACATCAATTCCCTGGAGCTTGGTGACTCTGCTGTGTATTTCTGTGCCAGCAGCCCCATTTCTTCCTCCGGGTTGGCCCA,,1.36986301,32,TCRBV03,TCRBD02-01,TCRBJ02-03*01,Out,1
999,1516,HA306+,180,AATGTGAGCACCTTGGAGCTGGGGGACTCGGCCCTTTATCTTTGCGCCAGCATGAGGGGGACGCAGACTGAAGCTTTCTTTGGACAA,CASMRGTQTEAFF,1.36986301,39,TCRBV05-01*01,TCRBD01-01*01,TCRBJ01-01*01,In,1
999,1516,HA306+,180,ACTCAGCCGTGTATCTCTACAGTAGCTACGGGGATATTCTGGACAAAGTCGGGACAAAGTCGGGCCAACGTCCTGACTTTCGGGGCC,,1.36986301,64,TCRBV17-01*01,TCRBD01-01*01,TCRBJ02-06*01,Out,1
999,1516,HA306+,180,CTGATTCTGGAGTCCGCCAGCACCAACCAGACATCTATGTACCTCTGTGCCAGCCATACAGTGACCGGGGAAGCTTTCTTTGGACAA,CASHTVTGEAFF,1.36986301,36,TCRBV28-01*01,unresolved,TCRBJ01-01*01,In,1
999,1516,HA306+,180,CACACCCTGCAGCCAGAAGACTCGGCCCTGTATCTCTGTGCCAGCAGCTTTCAAGGTTGAAAGACCTATGGCTACACCTTCGGTTCG,CASSFQG*KTYGYTF,1.36986301,45,TCRBV04-02*01,unresolved,TCRBJ01-02*01,Stop,1
999,1516,HA306+,180,CTGGAGCTTGGTGACTCTGCTGTGTATTTCTGTGCCAGCAGCCTCATAATCCCATTTTGGCATCATCAGCCCCAGCATTTTGGTGAT,CASSLIIPFWHHQPQHF,1.36986301,51,TCRBV03,TCRBD01-01*01,TCRBJ01-05*01,In,1
999,1516,HA306+,180,AGCGCACAGAGCAAGGGCGACTCGGCTGTGTATCTCTGTGCCAGAATGAGTAGACAAAGTCGGGCCAACGTCCTGACTTTCGGGGCC,CARMSRQSRANVLTF,1.36986301,45,TCRBV07-05*01,TCRBD01-01*01,TCRBJ02-06*01,In,1
999,1516,HA306+,180,TAGTCTGCTGCCTCCTCCCAGACATCTGTATATTTCTGCGCCAGGGACAGAGACAGGGGGAGTCAAGAGACCCAGTACTTCGGGCCA,CARDRDRGSQETQYF,1.36986301,45,TCRBV10-01,TCRBD01-01*01,TCRBJ02-05*01,In,1
999,1516,HA306+,180,GCTCCCTCCCAGACATCTGTGTACTTCTGTGCCAGCAGTTACTTGGGACTAGCGGGCTTAGCGAGAGGTACGCAGTATTTTGGCCCA,CASSYLGLAGLARGTQYF,1.36986301,54,TCRBV06,TCRBD02-01,TCRBJ02-03*01,In,1
999,1516,HA306+,180,CAGAACCCAGGGACTCAGCTGTGTACTTCTGTGCCAGCAGTTGAATATCGCAGACAAAGTCGGGCCAACGTCCTGACTTTCGGGGCC,,1.36986301,52,TCRBV12,TCRBD01-01*01,TCRBJ02-06*01,Out,1
999,1516,HA306+,180,CTGGAGCTTGGTGACTCTGCTGTGTATTTCTGTGCCAGCAGCGCACCCGGTCCCATTTTTCATCATCAGCCCCAGCATTTTGGTGAT,CASSAPGPIFHHQPQHF,1.36986301,51,TCRBV03,TCRBD02-01,TCRBJ01-05*01,In,1
999,1516,HA306+,180,TTGGAGCTGGACGACTCGGCCCTGTATCTCTGTGCCAGCGAGGACCGCGTACCAGACAAGTCGGGCAACGTCCTGACTTTCGGGGCC,CASEDRVPDKSGNVLTF,1.36986301,51,TCRBV05-04*01,unresolved,TCRBJ02-06*01,In,1
999,1516,HA306+,180,GTCGCACTGCAGCAAGAAGACTCAGCTGCGTATCTCTGCACCAGCAGCCAACGTGTGCGAAAGACCTATGGCTACACCTTCGGTTCG,CTSSQRVRKTYGYTF,1.36986301,45,TCRBV01-01*01,unresolved,TCRBJ01-02*01,In,1
999,1516,HA306+,180,GTGGTCGCACTGCAGCAAGAAGACTCAGCTGCGTATCTCTGCACCAGCAGTGCACAAAGTCGGGCCAACGTCCTGACTTTCGGGGCC,CTSSAQSRANVLTF,1.36986301,42,TCRBV01-01*01,TCRBD01-01*01,TCRBJ02-06*01,In,1
